Document ID;name
0mlX8km0PvBiY2nF1Vo3;"Rimmy"
0w4JSboJK6RdTDmDKoYL;"Pedguin"
161sDL9M6qRj7tNGgpnp;"Xenophyte"
1KtlqxPBAMp1XeD5RXed;"Sidh"
33FrF4Sp8jJ3y7Q4Bykl;"Drakon Astron"
3fNrixu9cDhggDXyLTwG;"Alex the Rambler"
4ty8OfAA0hoXSV6trUY9;"Sips"
511HMHkq8GdwbCbe0yVw;"Xhenix"
5h6PnMWEghJSDaS5ZNbc;"Zylus"
6YWocd4YeDNP9ROpUGrk;"Blebi Studios"
6oSnPSBKF79EBwS1G5DF;"Harry"
7tl19sOXgMq8ONpa0Wwc;"Bekkiboom"
8K6EIOpBvb6ROSHWHx9Q;"Duncan"
AZGGyF9uschXdM8gGB1v;"Daltos"
AcCWZMmDMrc7G9CnRchz;"PotatoMcWhisky"
Dvsw8FJa8v3LjEXSXr9e;"Ben"
EoUzF0nQQGdpY9NlZfeU;"Wilsonator"
G2xAxM8JBwtNIojLq1cE;"Bouphe"
GmDvpGxfnwWhmNDOba9Z;"Viztee"
Gq7a6r1Pq0loxIUiNk8v;"Lewis"
Gz3S1VJlA6iPISXuIl7p;"Briony"
HkZh9sasvBrpZ4r22Sb3;"Zoey"
Hn8e1EgqFKg2RbJglY2x;"Tom"
Hz3L8GFTsM0EFg0caGoG;"Hat Films"
IOdPOlLaB7zFHvsuvVwu;"Martyn"
KHBtC8Uxt3qoPJK0fie2;"Jack Makes (Best Bits Weekly)"
L9AyK1KaHcULKJMvAHcF;"BoardgameYogi"
LAvCOMwLGvmVka0OaR0p;"Overlite"
MYZPOwKsujCZbtPEJtBG;"Spiff"
MsNyFTyL0zikJ4zKOZm2;"Osie"
Ot78GPFYxZbxjK6On2CW;"Chippy"
OxMCBocsLB1lXH5tQV6u;"Kim"
QLpFsapfyzIU4TYdVmjM;"Simon"
RuJTT0r57IGKXWtlHNVX;"Sherlock Hulmes"
SgmMaNHurJaXBxsTalDM;"Yogs Clips"
ShFoVukMUs1HAf2YryPl;"Daf"
TGDsE9jQPa9WXOOgcmFm;"Lolipopgi"
Tm2dvIIhVA3xb7nH19jJ;"RTGame"
WvavBOeHzCXZPBzahkRX;"Breeh"
Zf19FbodO1Alu5gfLykf;"Joe"
c9raygCH9eGa09OLB12t;"High Rollers"
deBUVdSqWrH6FwlXPe2m;"Rythian"
dvynb4nu7GmqelY4HW3f;"Mousie"
e0mWrK72feY69gH0HwAA;"Yogscast"
eE4FNKcFiBhoc3jFb9Fo;"Lydia"
f2tAtl8eBRTtKsqzQQoC;"Shadowatnoon"
jP4KqZEefrAj53jHZ8HO;"Simon Clark"
kmVGNmGPDoQW8OWMLkmW;"Yogscast Games"
o1gdP5407amAmS5vEXvP;"Pyrion"
rJlQvAiwpuCL4I5qI6Og;"Gemma"
sMGdgzZrZP8c68C0pFfU;"Fionn"
t811tuTpZHK0Uzh6LqD9;"Bo"
tmtlRvxSmccEmZlHc4nH;"MiniMuka"
uPbHwWEyrZJQJVn4dn8j;"Sarah"
uuZ2P6KPhmLVGc7ZjWXR;"Nilesy"
v1aFWA8DXs58iyW2ZFA6;"ISP"
vz0XWPLfxV9gFyChCgMO;"Ravs"
w6LBJUILqOROITbVt9CZ;"Z0eff"
xd6wmw8tYeDhb7tqRBo6;"TripleJump"
yAmEX9kxAZTdKzwQcIsy;"Boba"
zFdYfSFj4efXLheSHG5Z;"Gee"
zMMAq6kg87R8WsHUS3s0;"Mango"
zwBpk82qRo4y2Sf5Nvlf;"Kirsty"
